{
  "name": "robomaster",
  "type": "ARM",
  "dependenceList": [],
  "srcDirs": [],
  "virtualFolder": {
    "name": "<virtual_root>",
    "files": [],
    "folders": [
      {
        "name": "Core",
        "files": [],
        "folders": [
          {
            "name": "MDK-ARM",
            "files": [
              {
                "path": "startup_stm32f407xx.s"
              }
            ],
            "folders": []
          },
          {
            "name": "Src",
            "files": [
              {
                "path": "../Src/main.c"
              },
              {
                "path": "../Src/gpio.c"
              },
              {
                "path": "../Src/freertos.c"
              },
              {
                "path": "../Src/adc.c"
              },
              {
                "path": "../Src/can.c"
              },
              {
                "path": "../Src/crc.c"
              },
              {
                "path": "../Src/dac.c"
              },
              {
                "path": "../Src/dma.c"
              },
              {
                "path": "../Src/i2c.c"
              },
              {
                "path": "../Src/rng.c"
              },
              {
                "path": "../Src/rtc.c"
              },
              {
                "path": "../Src/spi.c"
              },
              {
                "path": "../Src/tim.c"
              },
              {
                "path": "../Src/usart.c"
              },
              {
                "path": "../Src/usb_device.c"
              },
              {
                "path": "../Src/usbd_conf.c"
              },
              {
                "path": "../Src/usbd_desc.c"
              },
              {
                "path": "../Src/usbd_cdc_if.c"
              },
              {
                "path": "../Src/stm32f4xx_it.c"
              },
              {
                "path": "../Src/stm32f4xx_hal_msp.c"
              },
              {
                "path": "../Src/stm32f4xx_hal_timebase_tim.c"
              }
            ],
            "folders": []
          },
          {
            "name": "Inc",
            "files": [
              {
                "path": "../Inc/adc.h"
              },
              {
                "path": "../Inc/can.h"
              },
              {
                "path": "../Inc/crc.h"
              },
              {
                "path": "../Inc/dac.h"
              },
              {
                "path": "../Inc/dma.h"
              },
              {
                "path": "../Inc/FreeRTOSConfig.h"
              },
              {
                "path": "../Inc/gpio.h"
              },
              {
                "path": "../Inc/i2c.h"
              },
              {
                "path": "../Inc/main.h"
              },
              {
                "path": "../Inc/rng.h"
              },
              {
                "path": "../Inc/rtc.h"
              },
              {
                "path": "../Inc/spi.h"
              },
              {
                "path": "../Inc/stm32f4xx_hal_conf.h"
              },
              {
                "path": "../Inc/stm32f4xx_it.h"
              },
              {
                "path": "../Inc/tim.h"
              },
              {
                "path": "../Inc/usart.h"
              },
              {
                "path": "../Inc/usb_device.h"
              },
              {
                "path": "../Inc/usbd_cdc_if.h"
              },
              {
                "path": "../Inc/usbd_conf.h"
              },
              {
                "path": "../Inc/usbd_desc.h"
              }
            ],
            "folders": []
          }
        ]
      },
      {
        "name": "Drivers",
        "files": [],
        "folders": [
          {
            "name": "STM32F4xx_HAL_Driver",
            "files": [
              {
                "path": "../Drivers/STM32F4xx_HAL_Driver/Src/stm32f4xx_hal_pcd.c"
              },
              {
                "path": "../Drivers/STM32F4xx_HAL_Driver/Src/stm32f4xx_hal_pcd_ex.c"
              },
              {
                "path": "../Drivers/STM32F4xx_HAL_Driver/Src/stm32f4xx_ll_usb.c"
              },
              {
                "path": "../Drivers/STM32F4xx_HAL_Driver/Src/stm32f4xx_hal_rcc.c"
              },
              {
                "path": "../Drivers/STM32F4xx_HAL_Driver/Src/stm32f4xx_hal_rcc_ex.c"
              },
              {
                "path": "../Drivers/STM32F4xx_HAL_Driver/Src/stm32f4xx_hal_flash.c"
              },
              {
                "path": "../Drivers/STM32F4xx_HAL_Driver/Src/stm32f4xx_hal_flash_ex.c"
              },
              {
                "path": "../Drivers/STM32F4xx_HAL_Driver/Src/stm32f4xx_hal_flash_ramfunc.c"
              },
              {
                "path": "../Drivers/STM32F4xx_HAL_Driver/Src/stm32f4xx_hal_gpio.c"
              },
              {
                "path": "../Drivers/STM32F4xx_HAL_Driver/Src/stm32f4xx_hal_dma_ex.c"
              },
              {
                "path": "../Drivers/STM32F4xx_HAL_Driver/Src/stm32f4xx_hal_dma.c"
              },
              {
                "path": "../Drivers/STM32F4xx_HAL_Driver/Src/stm32f4xx_hal_pwr.c"
              },
              {
                "path": "../Drivers/STM32F4xx_HAL_Driver/Src/stm32f4xx_hal_pwr_ex.c"
              },
              {
                "path": "../Drivers/STM32F4xx_HAL_Driver/Src/stm32f4xx_hal_cortex.c"
              },
              {
                "path": "../Drivers/STM32F4xx_HAL_Driver/Src/stm32f4xx_hal.c"
              },
              {
                "path": "../Drivers/STM32F4xx_HAL_Driver/Src/stm32f4xx_hal_exti.c"
              },
              {
                "path": "../Drivers/STM32F4xx_HAL_Driver/Src/stm32f4xx_hal_adc.c"
              },
              {
                "path": "../Drivers/STM32F4xx_HAL_Driver/Src/stm32f4xx_hal_adc_ex.c"
              },
              {
                "path": "../Drivers/STM32F4xx_HAL_Driver/Src/stm32f4xx_ll_adc.c"
              },
              {
                "path": "../Drivers/STM32F4xx_HAL_Driver/Src/stm32f4xx_hal_can.c"
              },
              {
                "path": "../Drivers/STM32F4xx_HAL_Driver/Src/stm32f4xx_hal_crc.c"
              },
              {
                "path": "../Drivers/STM32F4xx_HAL_Driver/Src/stm32f4xx_hal_dac.c"
              },
              {
                "path": "../Drivers/STM32F4xx_HAL_Driver/Src/stm32f4xx_hal_dac_ex.c"
              },
              {
                "path": "../Drivers/STM32F4xx_HAL_Driver/Src/stm32f4xx_hal_i2c.c"
              },
              {
                "path": "../Drivers/STM32F4xx_HAL_Driver/Src/stm32f4xx_hal_i2c_ex.c"
              },
              {
                "path": "../Drivers/STM32F4xx_HAL_Driver/Src/stm32f4xx_hal_rng.c"
              },
              {
                "path": "../Drivers/STM32F4xx_HAL_Driver/Src/stm32f4xx_hal_rtc.c"
              },
              {
                "path": "../Drivers/STM32F4xx_HAL_Driver/Src/stm32f4xx_hal_rtc_ex.c"
              },
              {
                "path": "../Drivers/STM32F4xx_HAL_Driver/Src/stm32f4xx_hal_spi.c"
              },
              {
                "path": "../Drivers/STM32F4xx_HAL_Driver/Src/stm32f4xx_hal_tim.c"
              },
              {
                "path": "../Drivers/STM32F4xx_HAL_Driver/Src/stm32f4xx_hal_tim_ex.c"
              },
              {
                "path": "../Drivers/STM32F4xx_HAL_Driver/Src/stm32f4xx_hal_uart.c"
              }
            ],
            "folders": []
          },
          {
            "name": "CMSIS",
            "files": [
              {
                "path": "../Src/system_stm32f4xx.c"
              }
            ],
            "folders": []
          }
        ]
      },
      {
        "name": "Middlewares",
        "files": [],
        "folders": [
          {
            "name": "FreeRTOS",
            "files": [
              {
                "path": "../Middlewares/Third_Party/FreeRTOS/Source/croutine.c"
              },
              {
                "path": "../Middlewares/Third_Party/FreeRTOS/Source/event_groups.c"
              },
              {
                "path": "../Middlewares/Third_Party/FreeRTOS/Source/list.c"
              },
              {
                "path": "../Middlewares/Third_Party/FreeRTOS/Source/queue.c"
              },
              {
                "path": "../Middlewares/Third_Party/FreeRTOS/Source/stream_buffer.c"
              },
              {
                "path": "../Middlewares/Third_Party/FreeRTOS/Source/tasks.c"
              },
              {
                "path": "../Middlewares/Third_Party/FreeRTOS/Source/timers.c"
              },
              {
                "path": "../Middlewares/Third_Party/FreeRTOS/Source/CMSIS_RTOS/cmsis_os.c"
              },
              {
                "path": "../Middlewares/Third_Party/FreeRTOS/Source/portable/MemMang/heap_4.c"
              },
              {
                "path": "../Middlewares/Third_Party/FreeRTOS/Source/portable/RVDS/ARM_CM4F/port.c"
              }
            ],
            "folders": []
          },
          {
            "name": "USB_Device_Library",
            "files": [
              {
                "path": "../Middlewares/ST/STM32_USB_Device_Library/Core/Src/usbd_core.c"
              },
              {
                "path": "../Middlewares/ST/STM32_USB_Device_Library/Core/Src/usbd_ctlreq.c"
              },
              {
                "path": "../Middlewares/ST/STM32_USB_Device_Library/Core/Src/usbd_ioreq.c"
              },
              {
                "path": "../Middlewares/ST/STM32_USB_Device_Library/Class/CDC/Src/usbd_cdc.c"
              }
            ],
            "folders": []
          },
          {
            "name": "Library",
            "files": [],
            "folders": [
              {
                "name": "DSP Library",
                "files": [],
                "folders": [
                  {
                    "name": "DSP Library",
                    "files": [
                      {
                        "path": "../Middlewares/ST/ARM/DSP/Lib/arm_cortexM4l_math.lib"
                      }
                    ],
                    "folders": []
                  }
                ]
              }
            ]
          },
          {
            "name": "SEGGER",
            "files": [],
            "folders": [
              {
                "name": "RTT",
                "files": [
                  {
                    "path": "../Middlewares/Third_Party/SEGGER/RTT/SEGGER_RTT.c"
                  },
                  {
                    "path": "../Middlewares/Third_Party/SEGGER/RTT/SEGGER_RTT.h"
                  },
                  {
                    "path": "../Middlewares/Third_Party/SEGGER/RTT/SEGGER_RTT_printf.c"
                  }
                ],
                "folders": []
              },
              {
                "name": "Config",
                "files": [
                  {
                    "path": "../Middlewares/Third_Party/SEGGER/Config/SEGGER_RTT_Conf.h"
                  }
                ],
                "folders": []
              }
            ]
          }
        ]
      },
      {
        "name": "Bsp",
        "files": [
          {
            "path": "../Bsp/bsp_init.c"
          },
          {
            "path": "../Bsp/bsp_init.h"
          },
          {
            "path": "../Bsp/bsp.md"
          }
        ],
        "folders": [
          {
            "name": "adc",
            "files": [
              {
                "path": "../Bsp/adc/bsp_adc.c"
              },
              {
                "path": "../Bsp/adc/bsp_adc.h"
              },
              {
                "path": "../Bsp/adc/bsp_adc.md"
              }
            ],
            "folders": []
          },
          {
            "name": "bsp_legacy_support",
            "files": [
              {
                "path": "../Bsp/bsp_legacy_support/bsp_buzzer.c"
              },
              {
                "path": "../Bsp/bsp_legacy_support/bsp_buzzer.h"
              },
              {
                "path": "../Bsp/bsp_legacy_support/bsp_led.c"
              },
              {
                "path": "../Bsp/bsp_legacy_support/bsp_led.h"
              },
              {
                "path": "../Bsp/bsp_legacy_support/bsp_temperature.c"
              },
              {
                "path": "../Bsp/bsp_legacy_support/bsp_temperature.h"
              },
              {
                "path": "../Bsp/bsp_legacy_support/legacy.md"
              }
            ],
            "folders": []
          },
          {
            "name": "can",
            "files": [
              {
                "path": "../Bsp/can/bsp_can.c"
              },
              {
                "path": "../Bsp/can/bsp_can.h"
              },
              {
                "path": "../Bsp/can/bsp_can.md"
              }
            ],
            "folders": []
          },
          {
            "name": "dwt",
            "files": [
              {
                "path": "../Bsp/dwt/bsp_dwt.c"
              },
              {
                "path": "../Bsp/dwt/bsp_dwt.h"
              },
              {
                "path": "../Bsp/dwt/bsp_dwt.md"
              }
            ],
            "folders": []
          },
          {
            "name": "gpio",
            "files": [
              {
                "path": "../Bsp/gpio/bsp_gpio.c"
              },
              {
                "path": "../Bsp/gpio/bsp_gpio.h"
              },
              {
                "path": "../Bsp/gpio/bsp_gpio.md"
              }
            ],
            "folders": []
          },
          {
            "name": "iic",
            "files": [
              {
                "path": "../Bsp/iic/bsp_iic.c"
              },
              {
                "path": "../Bsp/iic/bsp_iic.h"
              },
              {
                "path": "../Bsp/iic/bsp_iic.md"
              }
            ],
            "folders": []
          },
          {
            "name": "log",
            "files": [
              {
                "path": "../Bsp/log/bsp_log.c"
              },
              {
                "path": "../Bsp/log/bsp_log.h"
              },
              {
                "path": "../Bsp/log/bsp_log.md"
              }
            ],
            "folders": []
          },
          {
            "name": "pwm",
            "files": [
              {
                "path": "../Bsp/pwm/bsp_pwm.c"
              },
              {
                "path": "../Bsp/pwm/bsp_pwm.h"
              },
              {
                "path": "../Bsp/pwm/bsp_pwm.md"
              }
            ],
            "folders": []
          },
          {
            "name": "spi",
            "files": [
              {
                "path": "../Bsp/spi/bsp_spi.c"
              },
              {
                "path": "../Bsp/spi/bsp_spi.h"
              },
              {
                "path": "../Bsp/spi/bsp_spi.md"
              }
            ],
            "folders": []
          },
          {
            "name": "usart",
            "files": [
              {
                "path": "../Bsp/usart/bsp_usart.c"
              },
              {
                "path": "../Bsp/usart/bsp_usart.h"
              },
              {
                "path": "../Bsp/usart/bsp_usart.md"
              }
            ],
            "folders": []
          },
          {
            "name": "usb",
            "files": [
              {
                "path": "../Bsp/usb/bsp_usb.c"
              },
              {
                "path": "../Bsp/usb/bsp_usb.h"
              },
              {
                "path": "../Bsp/usb/bsp_usb.md"
              }
            ],
            "folders": []
          }
        ]
      },
      {
        "name": "Modules",
        "files": [
          {
            "path": "../Modules/general_def.h"
          },
          {
            "path": "../Modules/module.md"
          }
        ],
        "folders": [
          {
            "name": "buzzer",
            "files": [
              {
                "path": "../Modules/buzzer/buzzer.c"
              },
              {
                "path": "../Modules/buzzer/buzzer.h"
              },
              {
                "path": "../Modules/buzzer/buzzer.md"
              }
            ],
            "folders": []
          },
          {
            "name": "algorithm",
            "files": [
              {
                "path": "../Modules/algorithm/algorithm.md"
              },
              {
                "path": "../Modules/algorithm/controller.c"
              },
              {
                "path": "../Modules/algorithm/controller.h"
              },
              {
                "path": "../Modules/algorithm/crc8.c"
              },
              {
                "path": "../Modules/algorithm/crc8.h"
              },
              {
                "path": "../Modules/algorithm/crc16.c"
              },
              {
                "path": "../Modules/algorithm/crc16.h"
              },
              {
                "path": "../Modules/algorithm/kalman_filter.c"
              },
              {
                "path": "../Modules/algorithm/kalman_filter.h"
              },
              {
                "path": "../Modules/algorithm/QuaternionEKF.c"
              },
              {
                "path": "../Modules/algorithm/QuaternionEKF.h"
              },
              {
                "path": "../Modules/algorithm/user_lib.c"
              },
              {
                "path": "../Modules/algorithm/user_lib.h"
              }
            ],
            "folders": []
          },
          {
            "name": "bluetooth",
            "files": [
              {
                "path": "../Modules/bluetooth/HC05.c"
              },
              {
                "path": "../Modules/bluetooth/HC05.h"
              }
            ],
            "folders": []
          },
          {
            "name": "bmi088",
            "files": [
              {
                "path": "../Modules/bmi088/bmi088.c"
              },
              {
                "path": "../Modules/bmi088/bmi088.h"
              },
              {
                "path": "../Modules/bmi088/bmi088.md"
              },
              {
                "path": "../Modules/bmi088/bmi088_regNdef.h"
              },
              {
                "path": "../Modules/bmi088/bmi088-datasheet.pdf"
              }
            ],
            "folders": []
          },
          {
            "name": "can_comm",
            "files": [
              {
                "path": "../Modules/can_comm/can_comm.c"
              },
              {
                "path": "../Modules/can_comm/can_comm.h"
              },
              {
                "path": "../Modules/can_comm/can_comm.md"
              }
            ],
            "folders": []
          },
          {
            "name": "daemon",
            "files": [
              {
                "path": "../Modules/daemon/daemon.c"
              },
              {
                "path": "../Modules/daemon/daemon.h"
              },
              {
                "path": "../Modules/daemon/daemon.md"
              }
            ],
            "folders": []
          },
          {
            "name": "imu",
            "files": [
              {
                "path": "../Modules/imu/BMI088driver.c"
              },
              {
                "path": "../Modules/imu/BMI088driver.h"
              },
              {
                "path": "../Modules/imu/BMI088Middleware.c"
              },
              {
                "path": "../Modules/imu/BMI088Middleware.h"
              },
              {
                "path": "../Modules/imu/BMI088reg.h"
              },
              {
                "path": "../Modules/imu/ins_task.c"
              },
              {
                "path": "../Modules/imu/ins_task.h"
              },
              {
                "path": "../Modules/imu/ins_task.md"
              }
            ],
            "folders": []
          },
          {
            "name": "ist8310",
            "files": [
              {
                "path": "../Modules/ist8310/ist8310.c"
              },
              {
                "path": "../Modules/ist8310/ist8310.h"
              },
              {
                "path": "../Modules/ist8310/ist8310.md"
              }
            ],
            "folders": []
          },
          {
            "name": "mini_pc",
            "files": [
              {
                "path": "../Modules/mini_pc/master_process.c"
              },
              {
                "path": "../Modules/mini_pc/master_process.h"
              },
              {
                "path": "../Modules/mini_pc/master_process.md"
              },
              {
                "path": "../Modules/mini_pc/seasky_protocol.c"
              },
              {
                "path": "../Modules/mini_pc/seasky_protocol.h"
              },
              {
                "path": "../Modules/mini_pc/湖南大学RoboMaster电控组通信协议.md"
              }
            ],
            "folders": []
          },
          {
            "name": "msg_center",
            "files": [
              {
                "path": "../Modules/msg_center/message_center.c"
              },
              {
                "path": "../Modules/msg_center/message_center.h"
              },
              {
                "path": "../Modules/msg_center/message_center.md"
              }
            ],
            "folders": []
          },
          {
            "name": "motor",
            "files": [
              {
                "path": "../Modules/motor/motor_def.h"
              },
              {
                "path": "../Modules/motor/motor_task.c"
              },
              {
                "path": "../Modules/motor/motor_task.h"
              }
            ],
            "folders": [
              {
                "name": "DJI_Motor",
                "files": [
                  {
                    "path": "../Modules/motor/DJImotor/dji_motor.c"
                  },
                  {
                    "path": "../Modules/motor/DJImotor/dji_motor.h"
                  },
                  {
                    "path": "../Modules/motor/DJImotor/dji_motor.md"
                  }
                ],
                "folders": []
              },
              {
                "name": "MI_Motor",
                "files": [
                  {
                    "path": "../Modules/motor/MImotor/0 获取电机ID报文格式.jpg"
                  },
                  {
                    "path": "../Modules/motor/MImotor/1 运控指令报文格式.jpg"
                  },
                  {
                    "path": "../Modules/motor/MImotor/2 反馈报文.jpg"
                  },
                  {
                    "path": "../Modules/motor/MImotor/3 电机使能报文格式.jpg"
                  },
                  {
                    "path": "../Modules/motor/MImotor/4 电机停止报文格式.jpg"
                  },
                  {
                    "path": "../Modules/motor/MImotor/6 设置机械零位报文格式.jpg"
                  },
                  {
                    "path": "../Modules/motor/MImotor/7 设置电机ID报文格式.jpg"
                  },
                  {
                    "path": "../Modules/motor/MImotor/17 读取单个参数报文及反馈报文.jpg"
                  },
                  {
                    "path": "../Modules/motor/MImotor/18 写入单个参数报文.jpg"
                  },
                  {
                    "path": "../Modules/motor/MImotor/21 故障反馈报文.jpg"
                  },
                  {
                    "path": "../Modules/motor/MImotor/cybergear.c"
                  },
                  {
                    "path": "../Modules/motor/MImotor/cybergear.h"
                  },
                  {
                    "path": "../Modules/motor/MImotor/cybergear.md"
                  },
                  {
                    "path": "../Modules/motor/MImotor/可读写单个参数列表.jpg"
                  }
                ],
                "folders": []
              },
              {
                "name": "Servo_Motor",
                "files": [
                  {
                    "path": "../Modules/motor/servo_motor/servo_motor.c"
                  },
                  {
                    "path": "../Modules/motor/servo_motor/servo_motor.h"
                  },
                  {
                    "path": "../Modules/motor/servo_motor/servo_motor.md"
                  }
                ],
                "folders": []
              }
            ]
          },
          {
            "name": "oled",
            "files": [
              {
                "path": "../Modules/oled/oled.c"
              },
              {
                "path": "../Modules/oled/oled.h"
              },
              {
                "path": "../Modules/oled/oled.md"
              },
              {
                "path": "../Modules/oled/oledfont.h"
              }
            ],
            "folders": []
          },
          {
            "name": "referee",
            "files": [
              {
                "path": "../Modules/referee/crc_ref.c"
              },
              {
                "path": "../Modules/referee/crc_ref.h"
              },
              {
                "path": "../Modules/referee/referee.md"
              },
              {
                "path": "../Modules/referee/referee_protocol.h"
              },
              {
                "path": "../Modules/referee/referee_task.c"
              },
              {
                "path": "../Modules/referee/referee_task.h"
              },
              {
                "path": "../Modules/referee/referee_UI.c"
              },
              {
                "path": "../Modules/referee/referee_UI.h"
              },
              {
                "path": "../Modules/referee/rm_referee.c"
              },
              {
                "path": "../Modules/referee/rm_referee.h"
              }
            ],
            "folders": []
          },
          {
            "name": "remote",
            "files": [
              {
                "path": "../Modules/remote/remote.md"
              },
              {
                "path": "../Modules/remote/remote_control.c"
              },
              {
                "path": "../Modules/remote/remote_control.h"
              }
            ],
            "folders": []
          },
          {
            "name": "super_cap",
            "files": [
              {
                "path": "../Modules/super_cap/super_cap.c"
              },
              {
                "path": "../Modules/super_cap/super_cap.h"
              },
              {
                "path": "../Modules/super_cap/super_cap.md"
              }
            ],
            "folders": []
          },
          {
            "name": "TFminiPlus",
            "files": [
              {
                "path": "../Modules/TFminiPlus/tfminiplus.c"
              },
              {
                "path": "../Modules/TFminiPlus/tfminiplus.h"
              },
              {
                "path": "../Modules/TFminiPlus/tfminiplus.md"
              }
            ],
            "folders": []
          },
          {
            "name": "led",
            "files": [
              {
                "path": "../Modules/led/led.md"
              },
              {
                "path": "../Modules/led/led_task.c"
              },
              {
                "path": "../Modules/led/led_task.h"
              }
            ],
            "folders": []
          },
          {
            "name": "vofa",
            "files": [
              {
                "path": "../Modules/vofa/vofa.c"
              },
              {
                "path": "../Modules/vofa/vofa.h"
              }
            ],
            "folders": []
          }
        ]
      },
      {
        "name": "Application",
        "files": [
          {
            "path": "../Application/application.md"
          },
          {
            "path": "../Application/APP层应用编写指引.md"
          },
          {
            "path": "../Application/robot.c"
          },
          {
            "path": "../Application/robot.h"
          },
          {
            "path": "../Application/robot_def.h"
          },
          {
            "path": "../Application/robot_task.h"
          }
        ],
        "folders": [
          {
            "name": "chassis",
            "files": [
              {
                "path": "../Application/chassis/chassis.c"
              },
              {
                "path": "../Application/chassis/chassis.h"
              },
              {
                "path": "../Application/chassis/chassis.md"
              }
            ],
            "folders": []
          },
          {
            "name": "gimbal",
            "files": [
              {
                "path": "../Application/gimbal/gimbal.c"
              },
              {
                "path": "../Application/gimbal/gimbal.h"
              },
              {
                "path": "../Application/gimbal/gimbal.md"
              }
            ],
            "folders": []
          },
          {
            "name": "shoot",
            "files": [
              {
                "path": "../Application/shoot/shoot.c"
              },
              {
                "path": "../Application/shoot/shoot.h"
              },
              {
                "path": "../Application/shoot/shoot.md"
              }
            ],
            "folders": []
          },
          {
            "name": "cmd",
            "files": [
              {
                "path": "../Application/cmd/robot_cmd.c"
              },
              {
                "path": "../Application/cmd/robot_cmd.h"
              },
              {
                "path": "../Application/cmd/robot_cmd.md"
              }
            ],
            "folders": []
          }
        ]
      }
    ]
  },
  "outDir": "build",
  "deviceName": null,
  "packDir": ".pack/Keil/STM32F4xx_DFP.1.0.8",
  "miscInfo": {
    "uid": "8db5f930f32cfd34a87a924e103af7f9"
  },
  "targets": {
    "robomaster": {
      "excludeList": [
        "<virtual_root>/Middlewares/SEGGER/RTT/SEGGER_RTT_ASM_ARMv7M.s"
      ],
      "toolchain": "AC5",
      "compileConfig": {
        "cpuType": "Cortex-M4",
        "floatingPointHardware": "single",
        "useCustomScatterFile": true,
        "scatterFilePath": ".\\robomaster.sct",
        "storageLayout": {
          "RAM": [
            {
              "tag": "IRAM",
              "id": 1,
              "mem": {
                "startAddr": "0x20000000",
                "size": "0x20000"
              },
              "isChecked": true,
              "noInit": false
            },
            {
              "tag": "IRAM",
              "id": 2,
              "mem": {
                "startAddr": "0x10000000",
                "size": "0x10000"
              },
              "isChecked": true,
              "noInit": false
            }
          ],
          "ROM": [
            {
              "tag": "IROM",
              "id": 1,
              "mem": {
                "startAddr": "0x8000000",
                "size": "0x10000"
              },
              "isChecked": true,
              "isStartup": true
            }
          ]
        },
        "options": "null"
      },
      "uploader": "JLink",
      "uploadConfig": {
        "bin": "",
        "baseAddr": "",
        "cpuInfo": {
          "vendor": "null",
          "cpuName": "null"
        },
        "proType": 1,
        "speed": 8000,
        "otherCmds": ""
      },
      "uploadConfigMap": {},
      "custom_dep": {
        "name": "default",
        "incList": [
          ".",
          "../Inc",
          "../Drivers/STM32F4xx_HAL_Driver/Inc",
          "../Drivers/STM32F4xx_HAL_Driver/Inc/Legacy",
          "../Middlewares/Third_Party/FreeRTOS/Source/include",
          "../Middlewares/Third_Party/FreeRTOS/Source/CMSIS_RTOS",
          "../Middlewares/Third_Party/FreeRTOS/Source/portable/RVDS/ARM_CM4F",
          "../Middlewares/ST/STM32_USB_Device_Library/Core/Inc",
          "../Middlewares/ST/STM32_USB_Device_Library/Class/CDC/Inc",
          "../Drivers/CMSIS/Device/ST/STM32F4xx/Include",
          "../Drivers/CMSIS/Include",
          "../Middlewares/ST/ARM/DSP/Inc",
          ".cmsis/include",
          "RTE/_robomaster",
          "../Bsp",
          "../Bsp/dwt",
          "../Bsp/log",
          "../Bsp/adc",
          "../Bsp/bsp_legacy_support",
          "../Bsp/can",
          "../Bsp/gpio",
          "../Bsp/iic",
          "../Bsp/pwm",
          "../Bsp/spi",
          "../Bsp/usart",
          "../Bsp/usb",
          "../Middlewares/Third_Party/SEGGER/Config",
          "../Middlewares/Third_Party/SEGGER/RTT",
          "../Modules",
          "../Modules/algorithm",
          "../Modules/bluetooth",
          "../Modules/bmi088",
          "../Modules/buzzer",
          "../Modules/can_comm",
          "../Modules/daemon",
          "../Modules/imu",
          "../Modules/ist8310",
          "../Modules/led",
          "../Modules/mini_pc",
          "../Modules/motor",
          "../Modules/msg_center",
          "../Modules/oled",
          "../Modules/referee",
          "../Modules/remote",
          "../Modules/super_cap",
          "../Modules/TFminiPlus",
          "../Modules/vofa",
          "../Modules/motor/DJImotor",
          "../Modules/motor/MImotor",
          "../Modules/motor/servo_motor",
          "../Application",
          "../Application/chassis",
          "../Application/cmd",
          "../Application/gimbal",
          "../Application/shoot"
        ],
        "libList": [],
        "defineList": [
          "USE_HAL_DRIVER",
          "STM32F407xx",
          "ARM_MATH_CM4",
          "__TARGET_FPU_VFP",
          "__CC_ARM"
        ]
      },
      "builderOptions": {
        "AC5": {
          "version": 4,
          "beforeBuildTasks": [],
          "afterBuildTasks": [],
          "global": {
            "output-debug-info": "enable"
          },
          "c/cpp-compiler": {
            "optimization": "level-0",
            "one-elf-section-per-function": true,
            "c99-mode": true,
            "C_FLAGS": "--diag_suppress=1 --diag_suppress=1295",
            "CXX_FLAGS": "--diag_suppress=1 --diag_suppress=1295",
            "warnings": "all-warnings"
          },
          "asm-compiler": {},
          "linker": {
            "output-format": "elf"
          }
        },
        "GCC": {
          "version": 5,
          "beforeBuildTasks": [],
          "afterBuildTasks": [],
          "global": {
            "$float-abi-type": "softfp",
            "output-debug-info": "enable",
            "misc-control": "--specs=nosys.specs --specs=nano.specs"
          },
          "c/cpp-compiler": {
            "language-c": "c11",
            "language-cpp": "c++11",
            "optimization": "level-debug",
            "warnings": "all-warnings",
            "one-elf-section-per-function": true,
            "one-elf-section-per-data": true,
            "C_FLAGS": "",
            "CXX_FLAGS": ""
          },
          "asm-compiler": {
            "ASM_FLAGS": ""
          },
          "linker": {
            "output-format": "elf",
            "remove-unused-input-sections": true,
            "LD_FLAGS": "",
            "LIB_FLAGS": "-lm"
          }
        }
      }
    }
  },
  "version": "3.5"
}